site,year,site.depth.m,surface.bottom,log.depth.m,latitude,longitude
"Alberton, P.E.I.",2014,8,B,8,46.73682,-63.97102
"Alberton, P.E.I.",1996,20,B,20,46.81,-63.9778
"Malpeque, P.E.I.",2015,17,B,16,46.58339,-63.61881
"Alberton, P.E.I.",1996,20,S,2,46.81,-63.9778
"Murray Harbour, P.E.I.",2014,8,B,8,46.05687,-62.45628
"Beach Point, P.E.I.",1996,10,B,10,46.03481,-62.45311
"Cape George, N.S.",2014,17,B,16,45.87619,-61.88717
"Caraquet, N.B.",1996,20,S,2,47.88028,-64.8975
"Cape Tormentine, N.B.",2014,15,B,14,46.10944444,-63.68444444
"Caraquet, N.B.",1996,20,B,20,47.88028,-64.8975
"Caribou, N.S.",1996,20,S,2,45.78694,-62.79472
"Caribou, N.S.",1996,20,B,20,45.78694,-62.79472
"Caribou, N.S.",2014,10,B,9,45.77464,-62.67353
"Cribbons Point, N.S.",1996,20,S,2,45.76917,-61.88733
"Cascumpeque, P.E.I.",2014,12,B,11,46.79563,-63.99395
"Cribbons Point, N.S.",1996,20,B,20,45.76917,-61.88733
"Jacket River, N.B.",1996,20,S,2,48.01861,-66.10694
"Cheticamp, N.S.",2014,20,B,20,46.60778,-61.05906
"Covehead 1, P.E.I.",2014,8,B,8,46.4408,-63.15933
"Jacket River, N.B.",1996,20,B,20,48.01861,-66.10694
"Covehead 2, P.E.I.",2014,13,B,12,46.44839167,-63.13851389
"Pinette, P.E.I.",1996,9,B,9,46.02722,-62.97778
"Egmont Bay, P.E.I.",2014,7,B,7,46.4562,-64.13182
"Pleasant Bay, N.S.",1996,20,B,20,46.83889,-60.80556
"Escuminac, N.B.",2014,11,B,10,47.11917,-64.785
"Pleasant Bay, N.S.",1996,20,S,2,46.83889,-60.80556
"Escuminac, N.B.",2014,11,S,2,47.11917,-64.785
"Pugwash, N.S. (1)",1996,15,S,2,45.93556,-63.57333
"Fortune 1, P.E.I.",2014,9,B,9,46.30027,-62.33727
"Pugwash, N.S. (1)",1996,15,B,15,45.93556,-63.57333
"Fortune 2, P.E.I.",2014,21,B,21,46.30077,-62.30712
"Indian Rocks, P.E.I.",2014,20,B,19,45.91507,-62.8199
"Souris, P.E.I.",1996,20,B,20,46.33583,-62.2475
"Stonehaven, N.B.",1996,20,B,20,47.75753,-65.37725
"Jack Shoal, N.S.",2014,17,B,16,45.72256,-61.54981
"Val Comeau, N.B.",1996,20,S,2,47.4575,-64.79306
"Judique Shoals, N.S.",2014,14,B,13,45.83786,-61.55272
"Val Comeau, N.B.",1996,20,B,20,47.4575,-64.79306
"Caraquet, N.B.",1997,20,B,20,47.89667,-64.85639
"Caraquet, N.B.",1997,20,S,2,47.89667,-64.85639
"Cribbons Point, N.S.",1997,20,S,2,45.76917,-61.88733
"Le Goulet, N.B.",2014,9,B,8,47.70111,-64.65139
"Cribbons Point, N.S.",1997,20,B,20,45.76917,-61.88733
"Mabou Harbour, N.S.",2014,13,B,12,46.09141,-61.49111
"Escuminac, N.B.",1997,20,B,20,47.11917,-64.7181
"Malpeque, P.E.I.",2014,17,B,16,46.58339,-63.61881
"Jacket River, N.B.",1997,20,S,2,48.01861,-66.10694
"Jacket River, N.B.",1997,20,B,20,48.01861,-66.10694
"Kouchibouguac, N.B.",1997,22,B,22,46.8344,-64.7072
"Malpeque, P.E.I.",1997,15,B,15,46.58306,-63.61944
"Malpeque, P.E.I.",2014,17,S,2,46.58339,-63.61881
"Neguac, N.B.",1997,20,B,20,47.16667,-64.83333
"Margaree, N.S.",2014,16,B,16,46.45388,-61.12065
"Pleasant Bay, N.S.",1997,20,B,20,46.83889,-60.80556
"Pinette, P.E.I.",1997,9,B,9,46.02722,-62.97778
"Miscou, N.B.",2014,15,B,14,48.03061,-64.54602
"Pleasant Bay, N.S.",1997,20,S,2,46.83889,-60.80556
"Pointe Verte, N.B.",1997,20,S,2,47.83444,-65.70722
"Port Hood, N.S.",1997,20,B,20,46.02139,-61.5825
"Nine Mile Creek, P.E.I.",2014,8,B,8,46.10367,-63.22792
"Port Hood, N.S.",1997,20,S,2,46.02139,-61.5825
"North Cape, P.E.I.",2014,18,B,17,47.08333,-64.00083
"Pugwash, N.S. (1)",1997,15,B,15,45.93556,-63.57333
"Pugwash, N.S. (1)",1997,15,S,2,45.93556,-63.57333
"North Tracadie, P.E.I.",2014,12,B,11,46.43422,-63.03378
"Shediac, N.B.",1997,12,B,12,46.34278,-64.41
"Skinner's Cove, N.S.",1997,20,B,20,45.8195,-63.01367
"Skinner's Cove, N.S.",1997,20,S,2,45.8195,-63.01367
"North Tracadie, N.B.",2014,8,B,7,47.50333,-64.84833
"Stonehaven, N.B.",1997,20,B,20,47.75753,-65.37725
"Pleasant Bay 2, N.S.",2014,27,B,26,46.84169,-60.80489
"Val Comeau, N.B.",1997,20,B,20,47.4575,-64.79306
"Val Comeau, N.B.",1997,20,S,2,47.4575,-64.79306
"Caraquet, N.B.",1998,20,S,2,47.89667,-64.85639
"Pleasant Bay 2, N.S.",2014,27,S,2,46.84169,-60.80489
"Caraquet, N.B.",1998,20,B,20,47.89667,-64.85639
"Pleasant Bay 1, N.S.",2014,16,B,16,46.91256,-60.70543
"Cribbons Point, N.S.",1998,20,S,2,45.76917,-61.88733
"Cribbons Point, N.S.",1998,20,B,20,45.76917,-61.88733
"Pointe Sapin, N.B.",2014,10,B,9,46.97333,-64.74389
"Escuminac, N.B.",1998,20,B,20,47.11917,-64.7181
"Jacket River, N.B.",1998,20,S,2,48.01861,-66.10694
"Jacket River, N.B.",1998,20,B,20,48.01861,-66.10694
"Kouchibouguac, N.B.",1998,10,S,2,46.84697,-64.84633
"Prim Reef, P.E.I.",2014,14,B,13,46.0445,-63.11324
"Kouchibouguac, N.B.",1998,10,B,10,46.84697,-64.84633
"Pinette, P.E.I.",1998,9,B,9,46.02722,-62.97778
"Pleasant Bay, N.S.",1998,20,S,2,46.83889,-60.80556
"Rustico, P.E.I.",2014,11,B,10,46.465,-63.275
"Pleasant Bay, N.S.",1998,20,B,20,46.83889,-60.80556
"Shediac, N.B.",2014,6,B,5,46.28167,-64.50153
"Pointe Verte, N.B.",1998,20,S,2,47.83444,-65.70722
"Pointe Verte, N.B.",1998,20,B,20,47.83444,-65.70722
"Port Hood, N.S.",1998,20,S,2,46.02139,-61.5825
"Shippagan, N.B.",2014,18,B,17,47.88728,-64.76322
"Port Hood, N.S.",1998,20,B,20,46.02139,-61.5825
"Pugwash, N.S. (1)",1998,15,S,2,45.93556,-63.57333
"Shippagan, N.B.",2014,18,S,2,47.88728,-64.76322
"Pugwash, N.S. (1)",1998,15,B,15,45.93556,-63.57333
"Shediac, N.B.",1998,12,S,2,46.34278,-64.41
"Shediac, N.B.",1998,12,B,12,46.34278,-64.41
"Skinners Pond, P.E.I.",2014,7,B,7,46.9412,-64.1868
"Skinner's Cove, N.S.",1998,20,S,2,45.8195,-63.01367
"Souris, P.E.I.",2014,21,B,20,46.32947,-62.25658
"Skinner's Cove, N.S.",1998,20,B,20,45.8195,-63.01367
"St Peters, P.E.I.",2014,15,B,14,46.45256,-62.73933
"Souris, P.E.I.",1998,20,S,2,46.33583,-62.2475
Strait Crossing 2,2014,20,B,19,46.15672,-63.66436
"Souris, P.E.I.",1998,20,B,20,46.33583,-62.2475
"Stonehaven, N.B.",1998,20,S,2,47.75753,-65.37725
Strait Crossing 1,2014,15,B,14,46.28342,-63.87103
"Stonehaven, N.B.",1998,20,B,20,47.75753,-65.37725
"Val Comeau, N.B.",1998,20,S,2,47.4575,-64.79306
"Tabusintac, N.B.",2014,6,B,5,47.28944,-64.92028
"Val Comeau, N.B.",1998,20,B,20,47.4575,-64.79306
"Cribbons Point, N.S.",1999,20,B,20,45.76917,-61.88733
"Cap Lumiere, N.B.",1995,20,S,2,46.66667,-64.59694
"Victoria, P.E.I.",2014,7,B,6,46.17644,-63.46686
"Cap Lumiere, N.B.",1995,20,B,20,46.66667,-64.59694
"West Point, P.E.I.",2014,24,B,23,46.66833,-64.50028
"Caraquet, N.B.",1995,20,S,2,47.88028,-64.8975
"Caraquet, N.B.",1995,20,B,20,47.88028,-64.8975
"Anse Bleue 1, N.B.",2014,25,B,12,47.85065,-65.07125
"Anse Bleue 2, N.B.",2014,25,B,18,47.85065,-65.07125
"Caribou, N.S.",1995,20,S,2,45.78694,-62.79472
"Caribou, N.S.",1995,20,B,20,45.78694,-62.79472
"Cribbons Point, N.S.",1995,20,S,2,45.76917,-61.88733
"Cribbons Point, N.S.",1995,20,B,20,45.76917,-61.88733
"Escuminac, N.B.",1995,20,S,2,47.11917,-64.7181
"Anse Bleue 3, N.B.",2014,25,B,24,47.85065,-65.07125
"Alberton, P.E.I.",2015,8,B,8,46.73495,-63.9686
"Escuminac, N.B.",1995,20,B,20,47.11917,-64.7181
"Murray Harbour, P.E.I.",2015,9,B,9,46.05825,-62.45768
"Port Hood, N.S.",1995,20,S,2,46.02139,-61.5825
"Cape George, N.S.",2015,17,B,16,45.87619,-61.88717
"Port Hood, N.S.",1995,20,B,20,46.02139,-61.5825
"Cape Tormentine, N.B.",2015,15,B,14,46.10944444,-63.68444444
"New Mills, N.B.",1995,20,S,2,48.0186,-66.1069
"New Mills, N.B.",1995,20,B,20,48.0186,-66.1069
"North Lake, P.E.I.",1995,12,S,2,46.4919,-62.1661
"Caribou, N.S.",2015,10,B,9,45.77464,-62.67353
"North Lake, P.E.I.",1995,12,B,12,46.4919,-62.1661
"Cascumpeque, P.E.I.",2015,12,B,11,46.79563,-63.99395
"Pointe Verte, N.B.",1995,20,B,20,47.83444,-65.70722
"Pointe Verte, N.B.",1995,20,S,2,47.83444,-65.70722
"Covehead 1, P.E.I.",2015,6,B,6,46.442,-63.158
"Pugwash, N.S. (1)",1995,15,S,2,45.93556,-63.57333
"Covehead 2, P.E.I.",2015,13,B,12,46.44839167,-63.13851389
"Pugwash, N.S. (1)",1995,15,B,NA,45.93556,-63.57333
"Souris, P.E.I.",1995,20,S,2,46.33583,-62.2475
"East Point Reef, P.E.I.",2015,22,B,21,46.46784444,-61.93737778
"Souris, P.E.I.",1995,20,B,20,46.33583,-62.2475
"Tracadie Bay, P.E.I.",1995,15,S,2,46.435,-63.0083
"Egmont Bay, P.E.I.",2015,9,B,9,46.4562,-64.13182
"Tracadie Bay, P.E.I.",1995,15,B,15,46.435,-63.0083
"Escuminac, N.B.",2015,11,B,10,47.11917,-64.785
"Val Comeau, N.B.",1995,20,S,2,47.4575,-64.79306
"Val Comeau, N.B.",1995,20,B,20,47.4575,-64.79306
"Escuminac, N.B.",2015,11,S,2,47.11917,-64.785
"Cribbons Point, N.S.",1999,20,S,2,45.76917,-61.88733
"Fortune 1, P.E.I.",2015,9,B,9,46.30152,-62.33603
"Fortune 2, P.E.I.",2015,21,B,21,46.30112,-62.30883
"Egmont Bay, P.E.I.",1999,9,B,9,46.45833,-64.14667
"Indian Rocks, P.E.I.",2015,20,B,19,45.91507,-62.8199
"Jack Shoal, N.S.",2015,17,B,16,45.72256,-61.54981
"Escuminac, N.B.",1999,20,B,20,47.11917,-64.7181
"Judique Shoals, N.S.",2015,14,B,13,45.83786,-61.55272
"Jacket River, N.B.",1999,20,B,20,48.01861,-66.10694
"Jacket River, N.B.",1999,20,S,2,48.01861,-66.10694
"Judique Shoals, N.S.",1999,14,B,14,45.83778,-61.55272
"Le Goulet, N.B.",2015,9,B,8,47.70111,-64.65139
"Mabou Harbour, N.S.",2015,13,B,12,46.09141,-61.49111
"Malpeque, P.E.I.",1999,17,B,17,46.58339,-63.61881
"North Lake, P.E.I.",1999,13,B,13,46.48228,-62.05767
"Pleasant Bay, N.S.",1999,20,B,20,46.83889,-60.80556
"Malpeque, P.E.I.",2015,17,S,2,46.58339,-63.61881
"Margaree, N.S.",2015,16,B,16,46.45388,-61.12065
"Pointe Verte, N.B.",1999,20,B,20,47.83444,-65.70722
"Miminegash, P.E.I.",2015,10,B,9,46.90083,-64.23889
"Pointe Verte, N.B.",1999,20,S,2,47.83444,-65.70722
"Pugwash, N.S. (1)",1999,9,B,9,45.90174,-63.68856
"Miscou, N.B.",2015,15,B,14,48.03061,-64.54602
"Nine Mile Creek, P.E.I.",2015,8,B,8,46.10397,-63.22712
"Pugwash, N.S. (2)",1999,20,B,20,45.93556,-63.57333
"North Cape, P.E.I.",2015,18,B,17,47.08333,-64.00083
"Pugwash, N.S. (2)",1999,20,S,2,45.93556,-63.57333
"Shediac, N.B.",1999,6,B,6,46.28167,-64.50153
"North Tracadie, N.B.",2015,8,B,7,47.50333,-64.84833
"Skinner's Cove, N.S.",1999,20,B,20,45.8195,-63.01367
"North Tracadie, P.E.I.",2015,12,B,11,46.43422,-63.03378
"Skinner's Cove, N.S.",1999,20,S,2,45.8195,-63.01367
"Pleasant Bay 1, N.S.",2015,27,B,26,46.84169,-60.80489
"Souris, P.E.I.",1999,20,B,20,46.33583,-62.2475
"Souris, P.E.I.",1999,20,S,2,46.33583,-62.2475
"St-Edouard, N.B.",1999,9,B,9,46.38583,-64.51278
"Pleasant Bay 1, N.S.",2015,27,S,2,46.84169,-60.80489
"St-Edouard, N.B.",1999,9,S,2,46.38583,-64.51278
"Stonehaven, N.B.",1999,20,B,20,47.75753,-65.37725
"Stonehaven, N.B.",1999,20,S,2,47.75753,-65.37725
"Tignish, P.E.I.",1999,14,B,14,46.9434,-63.95349
"Pleasant Bay 2, N.S.",2015,16,B,16,46.91257,-60.70543
"Pointe Sapin, N.B.",2015,10,B,9,46.97333,-64.74389
"South Tracadie, N.B.",1999,9,B,9,47.47778,-64.84944
"Prim Reef, P.E.I.",2015,14,B,13,46.0445,-63.11324
"North Tracadie, P.E.I.",1999,12,B,12,46.43422,-63.03378
"Richibucto, N.B.",2015,11,B,10,46.72506,-64.74103
"Val Comeau, N.B.",1999,20,B,20,47.4575,-64.79306
"Rustico, P.E.I.",2015,11,B,10,46.465,-63.275
"Val Comeau, N.B.",1999,20,S,2,47.4575,-64.79306
"Egmont Bay, P.E.I.",2000,9,B,9,46.45833,-64.14667
"Shediac, N.B.",2015,6,B,5,46.28167,-64.50153
"Bouctouche, N.B.",2000,13,B,13,46.52667,-64.54833
"Shippagan, N.B.",2015,18,B,17,47.88728,-64.76322
"Judique Shoals, N.S.",2000,14,B,14,45.83778,-61.55272
"Shippagan, N.B.",2015,18,S,2,47.88728,-64.76322
"Le Goulet, N.B.",2000,9,B,9,47.70111,-64.65139
"Skinners Pond, P.E.I.",2015,7,B,7,46.94127,-64.18743
"Souris, P.E.I.",2015,21,B,20,46.32947,-62.25658
"Malpeque, P.E.I.",2000,17,B,17,46.58339,-63.61881
Strait Crossing 1,2015,15,B,14,46.28342,-63.87103
"Miminegash, P.E.I.",2000,11,B,11,46.90083,-64.23889
Strait Crossing 2,2015,20,B,19,46.15672,-63.66436
"Murray Harbour, P.E.I.",2000,15,B,15,46.03472,-62.45222
"Tabusintac, N.B.",2015,6,B,5,47.28944,-64.92028
"Victoria, P.E.I.",2015,7,B,6,46.17644,-63.46686
"Petit Rocher, N.B.",2000,10,B,10,47.782,-65.70242
"West Point, P.E.I.",2015,24,B,23,46.66833,-64.50028
"Pleasant Bay, N.S.",2000,26.5,B,26.5,46.84169,-60.80489
"Anse Bleue 1, N.B.",2015,25,B,12,47.85065,-65.07125
Strait Crossing,2000,20,B,20,46.18425,-63.70769
"Pugwash, N.S. (1)",2000,9,B,9,45.90174,-63.68856
"Anse Bleue 2, N.B.",2015,25,B,18,47.85065,-65.07125
"Shediac, N.B.",2000,6,B,6,46.28167,-64.50153
"Souris, P.E.I.",2000,21,B,21,46.32947,-62.25658
"Anse Bleue 3, N.B.",2015,25,B,24,47.85065,-65.07125
"North Tracadie, P.E.I.",2000,12,B,12,46.43422,-63.03378
"Escuminac, N.B.",1997,20,S,2,47.11917,-64.7181
Strait Crossing,2001,25,B,25,46.23839,-63.80019
Strait Crossing,2001,20,B,20,46.18425,-63.70769
"Bouctouche, N.B.",2001,13,B,13,46.52667,-64.54833
"Caribou, N.S.",2001,10,B,10,45.77458,-62.67417
"Escuminac, N.B.",2001,11,B,11,47.11917,-64.785
"Judique Shoals, N.S.",2001,14,B,14,45.83778,-61.55272
"Malpeque, P.E.I.",2001,17,B,17,46.58339,-63.61881
"North Lake, P.E.I.",2001,13,B,13,46.48228,-62.05767
"Pleasant Bay, N.S.",2001,26.5,B,26.5,46.84169,-60.80489
"Pugwash, N.S.",2001,14,B,14,45.95839,-63.63714
"Shediac, N.B.",2001,6,B,5,46.28167,-64.50153
"Shippagan, N.B.",2001,18,B,18,47.88728,-64.76322
"Tignish, P.E.I.",2001,14,B,14,46.9434,-63.95349
"South Tracadie, N.B.",2001,9,B,9,47.47778,-64.84944
"North Tracadie, P.E.I.",2001,12,B,12,46.43422,-63.03378
"West Point, P.E.I.",2001,24,B,24,46.66833,-64.50028
"Petit Rocher, N.B.",2001,10,B,10,47.782,-65.70242
"South Tracadie, N.B.",2002,9,B,9,47.47778,-64.84944
"North Tracadie, P.E.I.",2002,12,B,12,46.43422,-63.03378
Strait Crossing,2002,20,B,20,46.18425,-63.70769
"Tignish, P.E.I.",2002,14,B,14,46.9434,-63.95349
"Souris, P.E.I.",2002,21,B,21,46.32947,-62.25658
"Shippagan, N.B.",2002,18,S,2,47.88728,-64.76322
"Shediac, N.B.",2002,6,B,5,46.28167,-64.50153
"Pugwash, N.S.",2002,14,B,14,45.95839,-63.63714
"Pleasant Bay, N.S.",2002,26.5,B,26.5,46.84169,-60.80489
"Petit Rocher, N.B.",2002,10,B,10,47.782,-65.70242
"North Lake, P.E.I.",2002,13,B,13,46.48228,-62.05767
"Malpeque, P.E.I.",2002,17,S,2,46.58339,-63.61881
"Le Goulet, N.B.",2002,9,B,9,47.70111,-64.65139
"Judique Shoals, N.S.",2002,14,B,14,45.83778,-61.55272
"Escuminac, N.B.",2002,11,S,2,47.11917,-64.785
"Escuminac, N.B.",2002,11,B,11,47.11917,-64.785
"Caribou, N.S.",2002,10,B,10,45.77458,-62.67417
Strait Crossing,2002,25,B,25,46.23839,-63.80019
"Bouctouche, N.B.",2002,13,B,13,46.52667,-64.54833
"Val Comeau, N.B.",2002,20,B,20,47.4575,-64.79306
"North Tracadie, P.E.I.",2003,12,B,12,46.43422,-63.03378
"Shippagan, N.B.",2003,18,S,2,47.88728,-64.76322
"Shippagan, N.B.",2003,18,B,18,47.88728,-64.76322
"Shediac, N.B.",2003,6,B,5,46.28167,-64.50153
"Pugwash, N.S.",2003,14,B,14,45.95839,-63.63714
"Pleasant Bay, N.S.",2003,26.5,S,2,46.84169,-60.80489
"Pleasant Bay, N.S.",2003,26.5,B,26.5,46.84169,-60.80489
"Petit Rocher, N.B.",2003,10,B,10,47.782,-65.70242
"Malpeque, P.E.I.",2003,17,B,17,46.58339,-63.61881
"Le Goulet, N.B.",2003,9,B,9,47.70111,-64.65139
"Judique Shoals, N.S.",2003,14,B,14,45.83778,-61.55272
"Escuminac, N.B.",2003,11,B,11,47.11917,-64.785
"Caribou, N.S.",2003,10,B,10,45.77458,-62.67417
"Cape Tormentine, N.B.",2003,15,B,15,46.10944,-63.68444
"Cheticamp, N.S.",2003,10,B,10,46.57915,-61.03827
"Souris, P.E.I.",2003,21,B,21,46.32947,-62.25658
"Val Comeau1, N.B.",2003,10,B,10,47.46008,-64.8452
"Val Comeau2, N.B.",2003,20,B,20,47.46298,-64.7443
Strait Crossing 2,2004,20,B,20,46.15672,-63.66436
"Bouctouche, N.B.",2004,13,B,13,46.52667,-64.54833
"Caribou, N.S.",2004,10,B,10,45.77464,-62.67353
"Le Goulet, N.B.",2004,9,B,9,47.70111,-64.65139
"Malpeque, P.E.I.",2004,17,B,17,46.58339,-63.61881
"Pugwash, N.S.",2004,14,B,14,45.95839,-63.63714
"Shediac, N.B.",2004,6,B,5,46.28167,-64.50153
"Shippagan, N.B.",2004,18,S,2,47.88728,-64.76322
"Shippagan, N.B.",2004,18,B,18,47.88728,-64.76322
"Souris, P.E.I.",2004,21,B,21,46.32947,-62.25658
"South Tracadie, N.B.",2004,9,B,9,47.47778,-64.84944
"Tignish, P.E.I.",2004,14,B,14,46.9434,-63.95349
"West Point, P.E.I.",2004,24,B,24,46.66833,-64.50028
Strait Crossing 1,2004,15,B,15,46.28342,-63.87103
"Val Comeau1, N.B.",2004,10,B,10,47.46008,-64.8452
"Val Comeau2, N.B.",2004,20,B,20,47.46298,-64.7443
"Miminegash, P.E.I.",2004,11,B,11,46.90083,-64.23889
Anse Bleu (Louise P),1995,30,NA,12,47.85147,-65.07151
Anse Bleu (Louise P),1996,30,NA,12,47.85147,-65.07151
Anse Bleu (Louise P),1997,30,NA,12,47.85147,-65.07151
Anse Bleu (Louise P),1998,30,NA,12,47.85147,-65.07151
Anse Bleu (Louise P),1999,30,NA,12,47.85147,-65.07151
Anse Bleu (Louise P),2000,30,NA,12,47.85147,-65.07151
Anse Bleu (Louise P),2001,30,NA,12,47.85147,-65.07151
Anse Bleu (Louise P),2002,30,NA,12,47.85147,-65.07151
Anse Bleu (Louise P),2003,30,NA,12,47.85147,-65.07151
Anse Bleu (Louise P),2004,30,NA,12,47.85147,-65.07151
"Anse Bleue, N.B.",2005,27,NA,12,47.85147,-65.07151
Anse Bleu (Louise P),1996,30,NA,20,47.85147,-65.07151
Anse Bleu (Louise P),1998,30,NA,20,47.85147,-65.07151
Anse Bleu (Louise P),1997,30,NA,20,47.85147,-65.07151
Anse Bleu (Louise P),1999,30,NA,20,47.85147,-65.07151
Anse Bleu (Louise P),2000,30,NA,20,47.85147,-65.07151
Anse Bleu (Louise P),2001,30,NA,20,47.85147,-65.07151
Anse Bleu (Louise P),2003,30,NA,20,47.85147,-65.07151
Anse Bleu (Louise P),2004,30,NA,20,47.85147,-65.07151
Anse Bleu (Louise P),1997,30,B,29,47.85147,-65.07151
Anse Bleu (Louise P),1998,30,B,29,47.85147,-65.07151
Anse Bleu (Louise P),1999,30,B,29,47.85147,-65.07151
Anse Bleu (Louise P),2000,30,B,29,47.85147,-65.07151
Anse Bleu (Louise P),2001,30,B,29,47.85147,-65.07151
Anse Bleu (Louise P),2002,30,B,29,47.85147,-65.07151
Anse Bleu (Louise P),2003,30,B,29,47.85147,-65.07151
Anse Bleu (Louise P),2004,30,B,29,47.85147,-65.07151
"Anse Bleue, N.B.",2005,27,B,25,47.85147,-65.07151
"Pleasant Bay, N.S.",2002,26.5,S,2,46.84169,-60.80489
"Val Comeau, N.B.",2001,10,B,10,47.46008,-64.8452
"Val Comeau, N.B.",2001,20,B,20,47.46298,-64.7443
"Arisaig, N.S.",2005,18,B,18,45.75946,-62.20922
"Bouctouche, N.B.",2005,13,B,13,46.52667,-64.54833
"Cape Tormentine, N.B.",2005,15,B,15,46.10944,-63.68444
"Caribou, N.S.",2005,10,B,10,45.77464,-62.67353
Strait Crossing 2,2005,20,B,20,46.15672,-63.66436
Strait Crossing 1,2005,15,B,15,46.28342,-63.87103
"Cribbons Point, N.S.",2005,9,B,9,45.72839,-61.87825
"Escuminac, N.B.",2005,11,S,2,47.11917,-64.785
"Escuminac, N.B.",2005,11,B,11,47.11917,-64.785
"Judique Shoals, N.S.",2005,14,B,14,45.83786,-61.55272
"Le Goulet, N.B.",2005,9,B,9,47.70111,-64.65139
"Malpeque, P.E.I.",2005,17,B,17,46.58339,-63.61881
"Malpeque, P.E.I.",2005,17,S,2,46.58339,-63.61881
"Miminegash, P.E.I.",2005,11,B,11,46.90083,-64.23889
"North Tracadie, P.E.I.",2005,12,B,12,46.43422,-63.03378
"North Tracadie, N.B.",2005,8,B,8,47.50333,-64.84833
"Petit Rocher, N.B.",2005,10,B,10,47.782,-65.70242
"Pleasant Bay, N.S.",2005,27,B,27,46.84171,-60.80487
"Pleasant Bay, N.S.",2005,27,S,2,46.84171,-60.80487
"Pugwash, N.S.",2005,14,B,14,45.95839,-63.63714
"Shediac, N.B.",2005,6,B,5,46.28167,-64.50153
"Shippagan, N.B.",2005,18,B,18,47.88728,-64.76322
"Shippagan, N.B.",2005,18,S,2,47.88728,-64.76322
"Souris, P.E.I.",2005,21,B,21,46.32947,-62.25658
"Val Comeau 1, N.B.",2005,9,B,9,47.46008,-64.8452
"Val Comeau 2, N.B.",2005,18,B,18,47.46298,-64.7443
"Anse Bleue, N.B.",2006,27,NA,12,47.85147,-65.07151
"Anse Bleue, N.B.",2006,27,NA,18,47.85147,-65.07151
"Arisaig, N.S.",2006,18,B,18,45.76017,-62.19792
"Aulds Cove, N.S.",2006,18,B,18,45.73095,-61.49249
"Bouctouche, N.B.",2006,13,B,13,46.52667,-64.54833
"Caribou, N.S.",2006,10,B,10,45.77464,-62.67353
"Cribbons Point, N.S.",2006,18,B,18,45.73506,-61.85814
"Escuminac, N.B.",2006,11,B,11,47.11917,-64.785
"Judique Shoals, N.S.",2006,14,B,14,45.83786,-61.55272
"Le Goulet, N.B.",2006,9,B,9,47.70111,-64.6514
"Malpeque, P.E.I.",2006,17,S,2,46.58339,-63.61881
"North Tracadie, N.B.",2006,8,B,8,47.50333,-64.84833
"Pleasant Bay, N.S.",2006,27,B,27,46.84169,-60.80489
"Pugwash, N.S.",2006,14,B,14,45.95839,-63.63714
"Shediac, N.B.",2006,6,B,5,46.28167,-64.50153
"Shippagan, N.B.",2006,18,B,18,47.88728,-64.76322
"Shippagan, N.B.",2006,18,S,2,47.88728,-64.76322
"Souris, P.E.I.",2006,21,B,21,46.32947,-62.25658
Strait Crossing 2,2006,20,B,20,46.15672,-63.66436
Strait Crossing 1,2006,15,B,15,46.28342,-63.87103
"Val Comeau 1, N.B.",2006,9,B,9,47.46008,-64.84519
"Val Comeau 2, N.B.",2006,18,B,18,47.46297,-64.74431
"West Point, P.E.I.",2006,24,B,24,46.66833,-64.50028
"West Point, P.E.I.",2005,24,B,24,46.66833,-64.50028
"Anse Bleue, N.B.",2007,30,B,25,47.85065,-65.07125
"Arisaig, N.S.",2007,17,B,16,45.76017,-62.19792
"Cape Egmont, P.E.I.",2007,9,B,8,46.40247,-64.14465
"Cape George, N.S.",2007,17,B,16,45.87619,-61.88717
"Cape Tormentine, N.B.",2007,15,B,14,46.10944,-63.68444
"Caraquet, N.B.",2007,5,B,4,47.83203,-64.86808
"Caribou, N.S.",2007,10,B,9,45.77464,-62.67353
"Cascumpeque, P.E.I.",2007,12,B,11,46.79563,-63.99395
"Cribbons Point, N.S.",2007,9,B,8,45.72839,-61.87825
"Egmont Bay, P.E.I.",2007,9,B,8,46.45487,-64.14082
"Escuminac, N.B.",2007,11,S,2,47.11917,-64.785
"Indian Rocks, P.E.I.",2007,18,B,17,45.91507,-62.8199
"Inverness_1, N.S.",2007,9,B,8,46.21659,-61.36401
"Inverness_2, N.S.",2007,18,B,17,46.22011,-61.36549
"Jack Shoal, N.S.",2007,17,B,16,45.72256,-61.54981
"Judique Shoals, N.S.",2007,14,B,13,45.83786,-61.55272
"Le Goulet, N.B.",2007,9,B,8,47.70111,-64.65139
"Mabou Harbour, N.S.",2007,13,B,12,46.09141,-61.49111
"Malpeque, P.E.I.",2007,17,B,16,46.58339,-63.61881
"Bouctouche, N.B.",2007,13,B,13,46.52667,-64.54833
"Malpeque, P.E.I.",2007,17,S,2,46.58339,-63.61881
"Milligan's Wharf, P.E.I.",2007,11,B,10,46.66263,-63.85234
"Miminegash, P.E.I.",2007,10,B,9,46.90083,-64.23889
"North Cape, P.E.I.",2007,18,B,17,47.08333,-64.00083
"North Tracadie, N.B.",2007,8,B,7,47.50333,-64.84833
"North Tracadie, P.E.I.",2007,12,B,11,46.43422,-63.03378
"Petit Rocher, N.B.",2007,10,B,9,47.782,-65.70242
"Pleasant Bay, N.S.",2007,27,B,26,46.84169,-60.80489
"Pleasant Bay, N.S.",2007,27,S,2,46.84169,-60.80489
"Prim Reef, P.E.I.",2007,14,B,13,46.0445,-63.11324
"Richibucto, N.B.",2007,11,B,10,46.72506,-64.74103
"Shediac, N.B.",2007,6,B,5,46.28167,-64.50153
"Shippagan, N.B.",2007,18,B,17,47.88728,-64.76322
"Souris, P.E.I.",2007,21,B,20,46.32947,-62.25658
Strait Crossing,2007,15,B,14,46.28342,-63.87103
"Tabusintac, N.B.",2007,6,B,5,47.28944,-64.92028
"Val Comeau 1, N.B.",2007,9,B,8,47.46008,-64.8452
"Val Comeau 2, N.B.",2007,18,B,18,47.46298,-64.7443
"West Point, P.E.I.",2007,24,B,23,46.66833,-64.50028
"Anse Bleue, N.B.",2008,30,B,25,47.85065,-65.07125
"Arisaig_1, N.S.",2008,12,B,11,45.75105,-62.1957
"Arisaig_2, N.S.",2008,7,B,7,45.75653,-62.18065
"Aulds Cove, N.S.",2008,5,B,5,45.68175,-61.44325
"Bedeque Bay, P.E.I.",2008,6,B,6,46.33963,-63.82503
"Cape Egmont, P.E.I.",2008,9,B,8,46.40247,-64.14465
"Cape George, N.S.",2008,17,B,16,45.87619,-61.88717
"Cape Tormentine, N.B.",2008,15,B,14,46.10944,-63.68444
"Caraquet_1, N.B.",2008,5,B,5,47.83203,-64.86808
"Caraquet_2, N.B.",2008,4,B,4,47.839,-64.87483
"Caribou, N.S.",2008,10,B,9,45.77464,-62.67353
"Cascumpeque, P.E.I.",2008,12,B,11,46.79563,-63.99395
"Covehead, P.E.I.",2008,7,B,7,46.4424,-63.1631
"Cribbons Point, N.S.",2008,9,B,8,45.72839,-61.87825
"Escuminac, N.B.",2008,11,B,10,47.11917,-64.785
"Escuminac, N.B.",2008,11,S,2,47.11917,-64.785
"Havre Boucher, N.S.",2008,5,B,5,45.69743,-61.57062
"Indian Rocks, P.E.I.",2008,20,B,19,45.91507,-62.8199
"Jack Shoal, N.S.",2008,17,B,16,45.72256,-61.54981
"Judique Shoals, N.S.",2008,14,B,13,45.83786,-61.55272
"Le Goulet, N.B.",2008,9,B,8,47.70111,-64.65139
"Mabou Harbour, N.S.",2008,13,B,12,46.09141,-61.49111
"Maisonnette, N.B.",2008,5,B,5,47.8365,-64.94517
"Malpeque, P.E.I.",2008,17,B,16,46.58339,-63.61881
"Malpeque, P.E.I.",2008,17,S,2,46.58339,-63.61881
"Bouctouche, N.B.",2008,13,B,12,46.52667,-64.54833
"Milligan's Wharf, P.E.I.",2008,10,B,9,46.66263,-63.85672
"Miminegash, P.E.I.",2008,10,B,9,46.90083,-64.23889
"Miscou, N.B.",2008,15,B,14,48.03061,-64.54602
"Nauffrage, P.E.I.",2008,9,B,8,46.48079,-62.40376
"Neguac, N.B.",2008,10,B,10,47.26432,-64.93883
"North Cape, P.E.I.",2008,18,B,17,47.08333,-64.00083
"North Point, P.E.I.",2008,11,B,10,47.07605,-63.96403
"North Tracadie, N.B.",2008,8,B,7,47.50333,-64.84833
"North Tracadie, P.E.I.",2008,12,B,11,46.43422,-63.03378
"Petit Rocher, N.B.",2008,10,B,9,47.782,-65.70242
"Pleasant Bay, N.S.",2008,27,B,26,46.84169,-60.80489
"Pleasant Bay, N.S.",2008,27,S,2,46.84169,-60.80489
"Prim Reef, P.E.I.",2008,14,B,13,46.0445,-63.11324
"Pugwash, N.S.",2008,14,B,13,45.95839,-63.63714
"Richibucto, N.B.",2008,11,B,10,46.72506,-64.74103
"Shediac_1, N.B.",2008,6,B,5,46.28167,-64.50153
"Shediac_2, N.B.",2008,6,B,6,46.26293,-64.46898
"Shippagan, N.B.",2008,18,B,17,47.88728,-64.76322
"Shippagan, N.B.",2008,18,S,2,47.88728,-64.76322
"Souris, P.E.I.",2008,21,B,20,46.32947,-62.25658
"St Peters, P.E.I.",2008,15,B,14,46.46811,-62.73684
Strait Crossing,2008,15,B,14,46.28342,-63.87103
"Val Comeau 1, N.B.",2008,9,B,8,47.46008,-64.8452
"Val Comeau 2, N.B.",2008,18,B,17,47.46298,-64.7443
"West Point, P.E.I.",2008,24,B,23,46.66833,-64.50028
"Alberton, P.E.I.",2009,9,B,9,46.73965,-63.97065
"Arisaig, N.S.",2009,7,B,7,45.75687,-62.18028
"Cape Egmont, P.E.I.",2009,9,B,8,46.40247,-64.14465
"Cape George, N.S.",2009,17,B,16,45.87619,-61.88717
"Caraquet, N.B.",2009,9,B,9,47.84453,-64.93533
"Covehead, P.E.I.",2009,6.5,B,6.5,46.44262,-63.15538
"Fortune, P.E.I.",2009,8,B,8,46.3003,-62.33813
"Hardy's Channel, P.E.I.",2009,30,B,29,46.66263333,-63.85233333
"Inverness_2, N.S.",2009,18,B,17,46.22011,-61.36549
"Inverness_1, N.S.",2009,9,B,8,46.21659,-61.36401
"Judique Shoals, N.S.",2009,14,B,13,45.83786,-61.55272
"Cape Tormentine, N.B.",2009,15,B,14,46.10944444,-63.68444444
"Caribou, N.S.",2009,10,B,9,45.77464,-62.67353
"Cascumpeque, P.E.I.",2009,12,B,11,46.79563,-63.99395
"East Point Reef, P.E.I.",2009,22,B,21,46.46784444,-61.93737778
"Escuminac, N.B.",2009,11,B,10,47.11917,-64.785
"Escuminac, N.B.",2009,11,S,2,47.11917,-64.785
"Indian Rocks, P.E.I.",2009,20,B,19,45.91507,-62.8199
"Jack Shoal, N.S.",2009,17,B,16,45.72256,-61.54981
"Le Goulet, N.B.",2009,9,B,8,47.70111,-64.65139
"Malpeque, P.E.I.",2009,17,B,16,46.58339,-63.61881
"Malpeque, P.E.I.",2009,17,S,2,46.58339,-63.61881
"Bouctouche, N.B.",2009,13,B,12,46.52667,-64.54833
"Miminegash, P.E.I.",2009,10,B,9,46.90083,-64.23889
"Miscou, N.B.",2009,15,B,14,48.03061,-64.54602
"Murray River, P.E.I.",2009,7,B,7,46.06393,-62.45484
"Nine Mile Creek, P.E.I.",2009,6.5,B,6.5,46.10315,-63.2255
"Red Head, P.E.I.",2009,9,B,8,46.43238333,-62.71236667
"Shediac, N.B.",2009,6,B,5,46.28167,-64.50153
"Skinners Pond, P.E.I.",2009,7,B,7,46.94246,-64.18614
"Val Comeau, N.B.",2009,9,B,8,47.46008,-64.8452
"North Cape, P.E.I.",2009,18,B,17,47.08333,-64.00083
"North Tracadie, N.B.",2009,8,B,7,47.50333,-64.84833
"North Tracadie, P.E.I.",2009,12,B,11,46.43422,-63.03378
"Pleasant Bay, N.S.",2009,27,B,26,46.84169,-60.80489
"Pleasant Bay, N.S.",2009,27,S,2,46.84169,-60.80489
"Prim Reef, P.E.I.",2009,14,B,13,46.0445,-63.11324
"Richibucto, N.B.",2009,11,B,10,46.72506,-64.74103
"Shippagan, N.B.",2009,18,B,17,47.88728,-64.76322
"Shippagan, N.B.",2009,18,S,2,47.88728,-64.76322
"Souris, P.E.I.",2009,21,B,20,46.32947,-62.25658
"St Peters, P.E.I.",2009,15,B,14,46.46811,-62.73684
Strait Crossing 1,2009,15,B,14,46.28342,-63.87103
Strait Crossing 2,2009,20,B,19,46.15672,-63.66436
"Tabusintac, N.B.",2009,6,B,5,47.28944,-64.92028
"West Point, P.E.I.",2009,24,B,23,46.66833,-64.50028
"Alberton, P.E.I.",2011,9,B,9,46.73769,-63.97061
"Alberton, P.E.I.",2010,9,B,9,46.73784,-63.96815
"Alberton, P.E.I.",2012,9,B,9,46.73706,-63.96865
"Anse Bleue 1, N.B.",2011,25,B,12,47.85065,-65.07125
"Anse Bleue 1, N.B.",2010,25,B,12,47.85065,-65.07125
"Anse Bleue 1, N.B.",2013,25,B,12,47.85065,-65.07125
"Anse Bleue 1, N.B.",2012,25,B,12,47.85065,-65.07125
"Anse Bleue 2, N.B.",2013,25,B,18,47.85065,-65.07125
"Anse Bleue 2, N.B.",2011,25,B,18,47.85065,-65.07125
"Anse Bleue 2, N.B.",2010,25,B,18,47.85065,-65.07125
"Anse Bleue 2, N.B.",2012,25,B,18,47.85065,-65.07125
"Anse Bleue 3, N.B.",2013,25,B,24,47.85065,-65.07125
"Anse Bleue 3, N.B.",2011,25,B,24,47.85065,-65.07125
"Anse Bleue 3, N.B.",2010,25,B,24,47.85065,-65.07125
"Anse Bleue 3, N.B.",2012,25,B,24,47.85065,-65.07125
"Arisaig 1, N.S.",2010,7,B,7,45.75687,-62.18028
"Arisaig 2, N.S.",2010,12,B,11,45.75105,-62.1957
"Arisaig, N.S.",2011,7,B,7,45.75687,-62.18028
"Arisaig, N.S.",2012,7,B,7,45.75687,-62.18028
"Bouctouche, N.B.",2011,13,B,12,46.52667,-64.54833
"Bouctouche, N.B.",2013,13,B,12,46.52667,-64.54833
"Bouctouche, N.B.",2010,13,B,12,46.52667,-64.54833
"Cape George, N.S.",2013,17,B,16,45.87619,-61.88717
"Cape George, N.S.",2011,17,B,16,45.87619,-61.88717
"Cape George, N.S.",2010,17,B,16,45.87619,-61.88717
"Cape George, N.S.",2012,17,B,16,45.87619,-61.88717
"Cape Tormentine, N.B.",2013,15,B,14,46.10944444,-63.68444444
"Cape Tormentine, N.B.",2011,15,B,14,46.10944444,-63.68444444
"Cape Tormentine, N.B.",2010,15,B,14,46.10944444,-63.68444444
"Cape Tormentine, N.B.",2012,15,B,14,46.10944444,-63.68444444
"Caraquet 1, N.B.",2011,9,B,9,47.84446667,-64.92886667
"Caraquet 1, N.B.",2010,9,B,9,47.84446667,-64.92886667
"Caraquet 2, N.B.",2011,18,B,18,47.86116667,-64.94663333
"Caraquet 2, N.B.",2010,18,B,18,47.86116667,-64.94663333
"Caribou, N.S.",2013,10,B,9,45.77464,-62.67353
"Caribou, N.S.",2011,10,B,9,45.77464,-62.67353
"Caribou, N.S.",2010,10,B,9,45.77464,-62.67353
"Cascumpeque, P.E.I.",2013,12,B,11,46.79563,-63.99395
"Cascumpeque, P.E.I.",2011,12,B,11,46.79563,-63.99395
"Cascumpeque, P.E.I.",2010,12,B,11,46.79563,-63.99395
"Cheticamp, N.S.",2013,18,B,18,46.6702,-61.06022
"Cheticamp, N.S.",2012,18,B,18,46.6702,-61.06022
"Cocagne 1, N.B.",2011,9,B,9,46.42908333,-64.52905
"Cocagne 1, N.B.",2010,9,B,9,46.42908333,-64.52905
"Cocagne 2, N.B.",2011,18,B,18,46.45566667,-64.39148333
"Cocagne 2, N.B.",2010,18,B,18,46.45566667,-64.39148333
"Covehead 1, P.E.I.",2011,6,B,6,46.44237,-63.15629
"Covehead 1, P.E.I.",2012,6,B,6,46.44302,-63.15692
"Covehead 1, P.E.I.",2010,6,B,6,46.44058,-63.15019
"Covehead 2, P.E.I.",2011,13,B,12,46.44839167,-63.13851389
"Covehead 2, P.E.I.",2012,12,B,11,46.44839167,-63.13851389
"Covehead 2, P.E.I.",2010,12,B,11,46.44839,-63.13851
"Covehead, P.E.I.",2013,13,B,12,46.44839167,-63.13851389
"East Point Reef, P.E.I.",2013,22,B,21,46.46784444,-61.93737778
"East Point Reef, P.E.I.",2012,22,B,21,46.46784444,-61.93737778
"East Point Reef, P.E.I.",2010,22,B,21,46.46784444,-61.93737778
"Escuminac, N.B.",2013,11,S,2,47.11917,-64.785
"Escuminac, N.B.",2010,11,S,2,47.11917,-64.785
"Escuminac, N.B.",2011,11,S,2,47.11917,-64.785
"Escuminac, N.B.",2013,11,B,10,47.11917,-64.785
"Escuminac, N.B.",2012,11,B,10,47.11917,-64.785
"Escuminac, N.B.",2012,11,S,2,47.11917,-64.785
"Escuminac, N.B.",2011,11,B,10,47.11917,-64.785
"Escuminac, N.B.",2010,11,B,10,47.11917,-64.785
"Fortune 1, P.E.I.",2011,9,B,9,46.30021,-62.33805
"Fortune 1, P.E.I.",2012,9,B,9,46.30024,-62.33828
"Fortune 2, P.E.I.",2011,21,B,21,46.30068,-62.30604
"Fortune 2, P.E.I.",2012,21,B,21,46.3012,-62.30843
"Fortune, P.E.I.",2010,9,B,9,46.30131,-62.33713
"Indian Rocks, P.E.I.",2012,20,B,19,45.91507,-62.8199
"Indian Rocks, P.E.I.",2013,20,B,19,45.91507,-62.8199
"Indian Rocks, P.E.I.",2011,20,B,19,45.91507,-62.8199
"Indian Rocks, P.E.I.",2010,20,B,19,45.91507,-62.8199
"Jack Shoal, N.S.",2012,17,B,16,45.72256,-61.54981
"Jack Shoal, N.S.",2013,17,B,16,45.72256,-61.54981
"Jack Shoal, N.S.",2011,17,B,16,45.72256,-61.54981
"Jack Shoal, N.S.",2010,17,B,16,45.72256,-61.54981
"Judique Shoals, N.S.",2013,14,B,13,45.83786,-61.55272
"Judique Shoals, N.S.",2011,14,B,13,45.83786,-61.55272
"Le Goulet, N.B.",2012,9,B,8,47.70111,-64.65139
"Le Goulet, N.B.",2013,9,B,8,47.70111,-64.65139
"Le Goulet, N.B.",2011,9,B,8,47.70111,-64.65139
"Le Goulet, N.B.",2010,9,B,8,47.70111,-64.65139
"Mabou Harbour, N.S.",2013,13,B,12,46.09141,-61.49111
"Mabou Harbour, N.S.",2011,13,B,12,46.09141,-61.49111
"Mabou Harbour, N.S.",2012,13,B,12,46.09141,-61.49111
"Mabou Harbour, N.S.",2010,13,B,12,46.09141,-61.49111
"Malpeque, P.E.I.",2013,17,B,16,46.58339,-63.61881
"Malpeque, P.E.I.",2011,17,B,16,46.58339,-63.61881
"Malpeque, P.E.I.",2010,17,S,2,46.58339,-63.61881
"Malpeque, P.E.I.",2013,17,S,2,46.58339,-63.61881
"Malpeque, P.E.I.",2011,17,S,2,46.58339,-63.61881
"Malpeque, P.E.I.",2010,17,B,16,46.58339,-63.61881
"Margaree, N.S.",2012,18,B,18,46.45398,-61.12065
"Miminegash, P.E.I.",2010,10,B,9,46.90083,-64.23889
"Miscou West, N.B.",2010,15,B,14,48.03061,-64.54602
"Miscou, N.B.",2011,15,B,14,48.03061,-64.54602
"Miscou, N.B.",2013,15,B,14,48.03061,-64.54602
"Miscou, N.B.",2012,15,B,14,48.03061,-64.54602
"Murray Harbour, P.E.I.",2010,9,B,9,46.06449,-62.45076
"Murray Harbour, P.E.I.",2011,9,B,9,46.06442,-62.45218
"Murray Harbour, P.E.I.",2012,8,B,8,46.06158,-62.45925
"Nine Mile Creek, P.E.I.",2010,9,B,9,46.09831,-63.22779
"Nine Mile Creek, P.E.I.",2011,9,B,9,46.10226,-63.22409
"Nine Mile Creek, P.E.I.",2012,8,B,8,46.10308,-63.22652
"North Cape, P.E.I.",2010,18,B,17,47.08333,-64.00083
"North Cape, P.E.I.",2011,18,B,17,47.08333,-64.00083
"North Cape, P.E.I.",2012,18,B,17,47.08333,-64.00083
"North Cape, P.E.I.",2013,18,B,17,47.08333,-64.00083
"North Tracadie, N.B.",2010,8,B,7,47.50333,-64.84833
"North Tracadie, N.B.",2011,8,B,7,47.50333,-64.84833
"North Tracadie, N.B.",2012,8,B,7,47.50333,-64.84833
"North Tracadie, N.B.",2013,8,B,7,47.50333,-64.84833
"North Tracadie, P.E.I.",2010,12,B,11,46.43422,-63.03378
"North Tracadie, P.E.I.",2011,12,B,11,46.43422,-63.03378
"North Tracadie, P.E.I.",2012,12,B,11,46.43422,-63.03378
"North Tracadie, P.E.I.",2013,12,B,11,46.43422,-63.03378
"Pleasant Bay, N.S.",2010,27,B,26,46.84169,-60.80489
"Pleasant Bay, N.S.",2011,27,S,2,46.84169,-60.80489
"Pleasant Bay, N.S.",2012,27,S,2,46.84169,-60.80489
"Pleasant Bay, N.S.",2011,27,B,26,46.84169,-60.80489
"Pleasant Bay, N.S.",2010,27,S,2,46.84169,-60.80489
"Pleasant Bay, N.S.",2012,27,B,26,46.84169,-60.80489
"Pleasant Bay, N.S.",2013,27,S,2,46.84169,-60.80489
"Pleasant Bay, N.S.",2013,27,B,26,46.84169,-60.80489
"Pointe Sapin, N.B.",2013,10,B,9,46.97333,-64.74389
"Prim Reef, P.E.I.",2010,14,B,13,46.0445,-63.11324
"Prim Reef, P.E.I.",2011,14,B,13,46.0445,-63.11324
"Prim Reef, P.E.I.",2012,14,B,13,46.0445,-63.11324
"Prim Reef, P.E.I.",2013,14,B,13,46.0445,-63.11324
"Pugwash, N.S.",2011,14,B,13,45.95839,-63.63714
"Pugwash, N.S.",2010,14,B,13,45.95839,-63.63714
"Red Head, P.E.I.",2010,9,B,8,46.43238333,-62.71236667
"Richibucto, N.B.",2010,11,B,10,46.72506,-64.74103
"Richibucto, N.B.",2011,11,B,10,46.72506,-64.74103
"Richibucto, N.B.",2013,11,B,10,46.72506,-64.74103
"Richibucto, N.B.",2012,11,B,10,46.72506,-64.74103
"Rustico, P.E.I.",2013,11,B,10,46.465,-63.275
"Shediac, N.B.",2010,6,B,5,46.28167,-64.50153
"Shediac, N.B.",2011,6,B,5,46.28167,-64.50153
"Shediac, N.B.",2013,6,B,5,46.28167,-64.50153
"Shediac, N.B.",2012,6,B,5,46.28167,-64.50153
"Shippagan, N.B.",2011,18,S,2,47.88728,-64.76322
"Shippagan, N.B.",2011,18,B,17,47.88728,-64.76322
"Shippagan, N.B.",2013,18,S,2,47.88728,-64.76322
"Shippagan, N.B.",2013,18,B,17,47.88728,-64.76322
"Shippagan, N.B.",2010,18,S,2,47.88728,-64.76322
"Shippagan, N.B.",2010,18,B,17,47.88728,-64.76322
"Shippagan, N.B.",2012,18,B,17,47.88728,-64.76322
"Skinners Pond, P.E.I.",2011,7,B,7,46.94179,-64.18749
"Skinners Pond, P.E.I.",2010,7,B,7,46.94164,-64.187
"Souris, P.E.I.",2011,21,B,20,46.32947,-62.25658
"Souris, P.E.I.",2013,21,B,20,46.32947,-62.25658
"Souris, P.E.I.",2010,21,B,20,46.32947,-62.25658
"Souris, P.E.I.",2012,21,B,20,46.32947,-62.25658
"St Peters, P.E.I.",2011,15,B,14,46.45256,-62.73933
Strait Crossing,2011,15,B,14,46.28342,-63.87103
Strait Crossing 1,2013,15,B,14,46.28342,-63.87103
Strait Crossing 1,2010,15,B,14,46.28342,-63.87103
Strait Crossing 1,2012,15,B,14,46.28342,-63.87103
Strait Crossing 2,2013,20,B,19,46.15672,-63.66436
Strait Crossing 2,2012,20,B,19,46.15672,-63.66436
Strait Crossing 2,2010,20,B,19,46.15672,-63.66436
"Tabusintac, N.B.",2013,6,B,5,47.28944,-64.92028
"Tabusintac, N.B.",2011,6,B,5,47.28944,-64.92028
"Tabusintac, N.B.",2010,6,B,5,47.28944,-64.92028
"Victoria, P.E.I.",2013,7,B,6,46.17644,-63.46686
"West Point, P.E.I.",2011,24,B,23,46.66833,-64.50028
"West Point, P.E.I.",2010,24,B,23,46.66833,-64.50028
"West Point, P.E.I.",2013,24,B,23,46.66833,-64.50028
"Wood Island 1, P.E.I.",2011,9,B,9,45.93713333,-62.76626667
"Wood Island 1, P.E.I.",2010,9,B,9,45.93713333,-62.76626667
"Wood Island 2, P.E.I.",2011,18,B,18,45.93693333,-62.72051667
"Wood Island 2, P.E.I.",2010,18,B,18,45.93693333,-62.72051667
"Alberton, P.E.I.",2016,9,B,9,46.73682,-63.96861111
"Anse Bleue 1, N.B.",2016,25,B,12,47.85065,-65.07125
"Alberton, P.E.I.",2018,9,B,9,46.7368,-63.971
"Anse Bleue 1, N.B.",2018,25,B,12,47.85065,-65.07125
"Anse Bleue 3, N.B.",2016,25,B,24,47.85065,-65.07125
"Arisaig, N.S.",2016,12,B,11,45.75269,-62.19537
"Cape George, N.S.",2016,17,B,16,45.87619,-61.88717
"Cape Tormentine, N.B.",2016,15,B,14,46.10944444,-63.68444444
"Caribou, N.S.",2016,10,B,9,45.77464,-62.67353
"Cascumpeque, P.E.I.",2016,12,B,11,46.79563,-63.99395
"Cheticamp 2, N.S.",2016,10,B,9,46.66681,-60.98128
"Cheticamp 3, N.S.",2016,19,B,18,46.66645,-61.00135
"Cheticamp 4, N.S.",2016,41,B,40,46.6894,-61.0127
"Cheticamp 1, N.S.",2016,18,B,17,46.60694444,-61.06027778
"Covehead 1, P.E.I.",2016,7,B,7,46.44194444,-63.15722222
"Egmont Bay, P.E.I.",2016,8,B,8,46.4562,-64.13182
"Escuminac, N.B.",2016,11,S,2,47.11917,-64.785
"Fortune 1, P.E.I.",2016,9,B,9,46.3,-62.33722222
"Fortune 2, P.E.I.",2016,21,B,21,46.30055556,-62.30694444
"Indian Rocks, P.E.I.",2016,20,B,19,45.91507,-62.8199
"Jack Shoal, N.S.",2016,17,B,16,45.72256,-61.54981
"Judique Shoals, N.S.",2016,14,B,13,45.83786,-61.55272
"Mabou Harbour, N.S.",2016,13,B,12,46.09141,-61.49111
"Malpeque, P.E.I.",2016,17,B,16,46.58339,-63.61881
"Malpeque, P.E.I.",2016,17,S,2,46.58339,-63.61881
"Margaree, N.S.",2016,16,B,15,46.45389,-61.12056
"Miminegash, P.E.I.",2016,10,B,9,46.90083,-64.23889
"Miscou, N.B.",2016,15,B,14,48.03061,-64.54602
"Murray Harbour, P.E.I.",2016,8,B,8,46.05666667,-62.45633
"Nine Mile Creek, P.E.I.",2016,8,B,8,46.10353,-63.22673
"North Cape, P.E.I.",2016,18,B,17,47.08333,-64.00083
"North Tracadie, N.B.",2016,8,B,7,47.50333,-64.84833
"North Tracadie, P.E.I.",2016,12,B,11,46.43422,-63.03378
"Anse Bleue 3, N.B.",2017,25,B,24,47.85065,-65.07125
"Pleasant Bay 2, N.S.",2016,27,B,26,46.84169,-60.80489
"Pleasant Bay 2, N.S.",2016,27,S,2,46.84169,-60.80489
"Pointe Sapin, N.B.",2016,10,B,9,46.97333,-64.74389
"Prim Reef, P.E.I.",2016,14,B,13,46.0445,-63.11324
"Pugwash, N.S.",2016,13,B,12,45.91576,-63.59732
"Richibucto, N.B.",2016,11,B,10,46.72506,-64.74103
"Rustico, P.E.I.",2016,11,B,10,46.465,-63.275
"Shediac, N.B.",2016,6,B,5,46.28167,-64.50153
"Shippagan, N.B.",2016,18,B,17,47.88728,-64.76322
"Shippagan, N.B.",2016,18,S,2,47.88728,-64.76322
"Skinners Pond, P.E.I.",2016,7,B,7,46.94236,-64.1868
"Souris, P.E.I.",2016,21,B,20,46.32947,-62.25658
Strait Crossing 1,2016,15,B,14,46.28342,-63.87103
"Victoria, P.E.I.",2016,7,B,6,46.17644,-63.46686
"Wallace 1, N.S.",2016,15,B,14,45.82533,-63.288
"West Point, P.E.I.",2016,24,B,23,46.66833,-64.50028
"Covehead 2, P.E.I.",2017,13,B,12,46.44839167,-63.13851389
"Jack Shoal, N.S.",2017,17,B,16,45.72256,-61.54981
"East Point Reef, P.E.I.",2017,22,B,21,46.46784444,-61.93737778
"Escuminac, N.B.",2017,11,B,10,47.11917,-64.785
"Escuminac, N.B.",2017,11,S,2,47.11917,-64.785
"Le Goulet, N.B.",2017,9,B,8,47.70111,-64.65139
"Mabou Harbour, N.S.",2017,13,B,12,46.09141,-61.49111
"Malpeque, P.E.I.",2017,17,B,16,46.58339,-63.61881
"Malpeque, P.E.I.",2017,17,S,2,46.58339,-63.61881
"Miscou, N.B.",2017,15,B,14,48.03061,-64.54602
"North Cape, P.E.I.",2017,18,B,17,47.08333,-64.00083
"North Tracadie, P.E.I.",2017,12,B,11,46.43422,-63.03378
"Pleasant Bay 2, N.S.",2017,27,S,2,46.84169,-60.80489
"Pointe Sapin, N.B.",2017,10,B,9,46.97333,-64.74389
"Prim Reef, P.E.I.",2017,14,B,13,46.0445,-63.11324
"Richibucto, N.B.",2017,11,B,10,46.72506,-64.74103
"Rustico, P.E.I.",2017,11,B,10,46.465,-63.275
"Shediac, N.B.",2017,6,B,5,46.28167,-64.50153
"Shippagan, N.B.",2017,18,S,2,47.88728,-64.76322
"Shippagan, N.B.",2017,18,B,17,47.88728,-64.76322
"Souris, P.E.I.",2017,21,B,20,46.32947,-62.25658
Strait Crossing 2,2017,20,B,19,46.15672,-63.66436
Strait Crossing 1,2017,15,B,14,46.28342,-63.87103
"Tabusintac, N.B.",2017,6,B,5,47.28944,-64.92028
"West Point, P.E.I.",2017,24,B,23,46.66833,-64.50028
"Cape George, N.S.",2017,17,B,16,45.87619,-61.88717
"Cape Tormentine, N.B.",2017,15,B,14,46.10944444,-63.68444444
"Caribou, N.S.",2017,10,B,9,45.77464,-62.67353
"Cascumpeque, P.E.I.",2017,12,B,11,46.79563,-63.99395
"Covehead 1, P.E.I.",2017,7,B,7,46.44194444,-63.15722222
"Fortune 1, P.E.I.",2017,9,B,9,46.3,-62.33722222
"Fortune 2, P.E.I.",2017,21,B,21,46.30055556,-62.30694444
"Nine Mile Creek, P.E.I.",2017,8,B,8,46.10353,-63.22673
"Skinners Pond, P.E.I.",2017,7,B,7,46.94236,-64.1868
"Wallace 2, N.S.",2017,9,B,9,45.88166667,-63.44416667
"Alberton, P.E.I.",2017,9,B,9,46.73682,-63.96861111
"Murray Harbour, P.E.I.",2017,8,B,8,46.05421,-62.45527778
"Judique Shoals, N.S.",2017,14,B,13,45.83786,-61.55272
"Miminegash, P.E.I.",2017,10,B,9,46.90083,-64.23889
"St Peters, P.E.I.",2017,15,B,14,46.45256,-62.73933
"Arisaig, N.S.",2017,12,B,11,45.75818,-62.2
"Aulds Cove, N.S.",2017,20,B,19,45.70361111,-61.4775
"Bayfield, N.S.",2017,20,B,19,45.67241,-61.77555556
"Cheticamp 1, N.S.",2017,18,B,17,46.6125,-61.06555556
"Margaree, N.S.",2017,18,B,17,46.45805556,-61.11388889
"Pleasant Bay 1, N.S.",2017,20,B,19,46.92583333,-60.70555556
"Port Hood, N.S.",2017,20,B,19,45.975,-61.54611111
"Pugwash, N.S.",2017,13,B,12,45.91809,-63.59527778
"River John, N.S.",2017,20,B,19,45.86905,-63.09251
"Wallace 1, N.S.",2017,20,B,19,45.83388889,-63.29055556
"Egmont Bay, P.E.I.",2017,8,B,8,46.4562,-64.13182
"Ballantynes, N.S.",2017,20,B,19,45.89611111,-61.93472222
"Victoria, P.E.I.",2017,7,B,6,46.17644,-63.46686
"Anse Bleue 2, N.B.",2018,25,B,18,47.85065,-65.07125
"Anse Bleue 2, N.B.",2016,25,B,18,47.85065,-65.07125
"Anse Bleue 3, N.B.",2018,25,B,25,47.85065,-65.07125
"Arisaig, N.S.",2018,12,B,11,45.7581,-62.1992
"Aulds Cove, N.S.",2018,20,B,19,45.70361111,-61.4775
"Bayfield, N.S.",2018,20,B,19,45.67305556,-61.79055556
"Murray Harbour, P.E.I.",2018,8,B,8,46.05444444,-62.45527778
"Cape Tormentine, N.B.",2018,15,B,14,46.10944444,-63.68444444
"Caribou, N.S.",2018,10,B,9,45.77464,-62.67353
"Cascumpeque, P.E.I.",2018,12,B,11,46.79563,-63.99395
"Cheticamp, N.S.",2018,18,B,17,46.6131,-61.0658
"Covehead 1, P.E.I.",2018,7,B,7,46.4408,-63.15933
"Covehead 2, P.E.I.",2018,13,B,12,46.4484,-63.1385
"East Point Reef, P.E.I.",2018,22,B,21,46.47333,-61.94889
"Egmont Bay, P.E.I.",2018,8,B,8,46.4562,-64.13182
"Escuminac, N.B.",2018,11,S,2,47.1192,-64.785
"Escuminac, N.B.",2018,11,B,10,47.1192,-64.785
"Fortune 2, P.E.I.",2018,21,B,21,46.30228,-62.30926
"Fortune 1, P.E.I.",2018,9,B,9,46.30181,-62.33591
"Indian Rocks, P.E.I.",2018,20,B,19,45.91507,-62.8199
"Jack Shoal, N.S.",2018,17,B,16,45.72256,-61.54981
"Judique Shoals, N.S.",2018,14,B,13,45.83786,-61.55272
"Mabou Harbour, N.S.",2018,13,B,12,46.09141,-61.49111
"Malpeque, P.E.I.",2018,17,B,16,46.58339,-63.61881
"Malpeque, P.E.I.",2018,17,S,2,46.58339,-63.61881
"Margaree, N.S.",2018,18,B,17,46.4558,-61.1228
"Miminegash, P.E.I.",2018,10,B,9,46.90083,-64.23889
"Miscou, N.B.",2018,15,B,14,48.03061,-64.54602
"Nine Mile Creek, P.E.I.",2018,8,B,8,46.10353,-63.22673
"North Cape, P.E.I.",2018,18,B,17,47.08333,-64.00083
"North Tracadie, N.B.",2018,8,B,7,47.50333,-64.84833
"North Tracadie, P.E.I.",2018,12,B,11,46.43422,-63.03378
"Pleasant Bay, N.S.",2018,27,S,2,46.84169,-60.80489
"Pleasant Bay, N.S.",2018,27,B,26,46.84169,-60.80489
"Pointe Sapin, N.B.",2018,10,B,9,46.97333,-64.74389
"Port Hood, N.S.",2018,20,B,19,45.975,-61.54611111
"Prim Reef, P.E.I.",2018,14,B,13,46.0445,-63.11324
"Pugwash, N.S.",2018,13,B,12,45.9192,-63.595
"Richibucto, N.B.",2018,12,B,10,46.72506,-64.74103
"River John, N.S.",2018,20,B,19,45.8686,-63.0914
"Rustico, P.E.I.",2018,11,B,10,46.465,-63.275
"Shediac, N.B.",2018,6,B,5,46.28167,-64.50153
"Shippagan, N.B.",2018,18,S,2,47.88728,-64.76322
"Shippagan, N.B.",2018,18,B,17,47.88728,-64.76322
"Skinners Pond, P.E.I.",2018,7,B,7,46.94236,-64.1868
"Souris, P.E.I.",2018,21,B,20,46.32947,-62.25658
"St Peters, P.E.I.",2018,6,B,5,46.4525,-62.73944444
Strait Crossing 2,2018,20,B,19,46.15,-63.65028
Strait Crossing 1,2018,15,B,14,46.28342,-63.87103
"Tabusintac, N.B.",2018,6,B,5,47.28944444,-64.92027778
"Victoria, P.E.I.",2018,7,B,6,46.17644,-63.46686
"Wallace 1, N.S.",2018,15,B,14,45.8339,-63.2906
"Wallace 2, N.S.",2018,9,B,9,45.88166667,-63.44416667
"West Point, P.E.I.",2018,24,B,23,46.66833,-64.50028
"Alberton, P.E.I.",2019,9,B,9,46.7368,-63.971
"Anse Bleue 1, N.B.",2019,25,B,12,47.85065,-65.07125
"Anse Bleue 2, N.B.",2019,25,B,18,47.85065,-65.07125
"Anse Bleue 3, N.B.",2019,25,B,25,47.85065,-65.07125
"Ballantynes, N.S.",2019,20,B,19,45.6706,-61.7878
"Murray Harbour, P.E.I.",2019,8,B,8,46.0544,-62.4553
"Cape George, N.S.",2019,17,B,16,45.87619,-61.88717
"Cape George, N.S.",2020,17,B,16,45.87619,-61.88717
"Cape Tormentine, N.B.",2019,15,B,14,46.10944444,-63.68444444
"Caribou, N.S.",2019,10,B,9,45.77464,-62.67353
"Cascumpeque, P.E.I.",2019,12,B,11,46.79563,-63.99395
"Cheticamp, N.S.",2019,18,B,17,46.6131,-61.0658
"Covehead 1, P.E.I.",2019,7,B,7,46.4408,-63.15933
"Covehead 2, P.E.I.",2019,13,B,12,46.4484,-63.1385
"East Point Reef, P.E.I.",2019,22,B,21,46.47333,-61.94889
"Egmont Bay, P.E.I.",2019,8,B,8,46.4562,-64.13182
"Escuminac, N.B.",2019,11,B,10,47.1192,-64.785
"Escuminac, N.B.",2019,11,S,2,47.1192,-64.785
"Fortune 1, P.E.I.",2019,9,B,9,46.30181,-62.33591
"Fortune 2, P.E.I.",2019,21,B,21,46.30228,-62.30926
"Indian Rocks, P.E.I.",2019,20,B,19,45.91507,-62.8199
"Jack Shoal, N.S.",2019,17,B,16,45.72256,-61.54981
"Judique Shoals, N.S.",2019,14,B,13,45.83786,-61.55272
"Le Goulet, N.B.",2019,9,B,8,47.7106,-64.6497
"Mabou Harbour, N.S.",2019,13,B,12,46.09141,-61.49111
"Malpeque, P.E.I.",2019,17,B,16,46.58339,-63.61881
"Malpeque, P.E.I.",2019,17,S,2,46.58339,-63.61881
"Margaree, N.S.",2019,18,B,17,46.4558,-61.1228
"Miscou, N.B.",2019,15,B,14,48.03061,-64.54602
"Nine Mile Creek, P.E.I.",2019,8,B,8,46.10353,-63.22673
"North Cape, P.E.I.",2019,18,B,17,47.08333,-64.00083
"North Tracadie, P.E.I.",2019,12,B,11,46.43422,-63.03378
"Pictou Island, N.S.",2019,20,B,19,45.82417,-62.61278
"Pleasant Bay, N.S.",2019,27,B,26,46.84169,-60.80489
"Pleasant Bay, N.S.",2019,27,S,2,46.84169,-60.80489
"Pointe Sapin, N.B.",2019,10,B,9,46.97333,-64.74389
"Port Hood, N.S.",2019,20,B,19,45.975,-61.54611111
"Prim Reef, P.E.I.",2019,14,B,13,46.0445,-63.11324
"Pugwash, N.S.",2019,13,B,12,45.9192,-63.595
"Richibucto, N.B.",2019,12,B,10,46.72506,-64.74103
"River John, N.S.",2019,20,B,19,45.8686,-63.0914
"Rustico, P.E.I.",2019,11,B,10,46.465,-63.275
"Shediac, N.B.",2019,6,B,5,46.28167,-64.50153
"Shippagan, N.B.",2019,18,B,17,47.88728,-64.76322
"Shippagan, N.B.",2019,18,S,2,47.88728,-64.76322
"Skinners Pond, P.E.I.",2019,7,B,7,46.94236,-64.1868
"Souris, P.E.I.",2019,21,B,20,46.32947,-62.25658
Strait Crossing 2,2019,20,B,19,46.15,-63.65028
Strait Crossing 1,2019,15,B,14,46.28342,-63.87103
"Tabusintac, N.B.",2019,6,B,5,47.28944444,-64.92027778
"Victoria, P.E.I.",2019,7,B,6,46.17644,-63.46686
"Wallace 1, N.S.",2019,15,B,14,45.8339,-63.2906
"West Point, P.E.I.",2019,24,B,23,46.66833,-64.50028
"Bayfield, N.S.",2019,20,B,20,45.67055556,-61.78777778
"Souris, P.E.I.",2021,21,B,20,46.32947,-62.25658
"Bayfield, N.S.",2020,20,B,20,45.67055556,-61.78777778
"Murray Harbour, P.E.I.",2020,8,B,8,46.0544,-62.4553
"Cape Tormentine, N.B.",2020,15,B,14,46.10944444,-63.68444444
"Caribou, N.S.",2020,10,B,9,45.77464,-62.67353
"Alberton, P.E.I.",2020,9,B,9,46.7368,-63.971
"Cascumpeque, P.E.I.",2020,12,B,11,46.79563,-63.99395
"Covehead 1, P.E.I.",2020,7,B,7,46.4408,-63.15933
"Covehead 2, P.E.I.",2020,13,B,12,46.4484,-63.1385
"East Point reef, P.E.I.",2020,22,B,21,46.47333,-61.94889
"Egmont Bay, P.E.I.",2020,8,B,8,46.4562,-64.13182
"Escuminac, N.B.",2020,11,S,2,47.0709,-64.4706
"Escuminac, N.B.",2020,11,B,10,47.0709,-64.4706
Pleasant Bay,2019,20,B,19,46.92583333,-60.70555556
"Pleasant Bay 1, N.S.",2020,20,B,19,46.92583333,-60.70555556
"Pleasant Bay 1, N.S.",2021,20,B,19,46.92583333,-60.70555556
NA,NA,NA,NA,NA,NA,NA
x,NA,NA,x,NA,NA,NA
"Fortune 2, P.E.I.",2020,21,B,21,46.30228,-62.30926
"Fortune 1, P.E.I.",2020,9,B,9,46.30181,-62.33591
"Indian Rocks, P.E.I.",2020,20,B,19,45.91507,-62.8199
"Jack Shoal, N.S.",2020,17,B,16,45.72256,-61.54981
"Judique Shoals, N.S.",2020,14,B,13,45.83777778,-61.55277778
"Mabou Harbour, N.S.",2020,13,B,12,46.09141,-61.49111
"Malpeque, P.E.I.",2020,17,B,16,46.58339,-63.61881
"Malpeque, P.E.I.",2020,17,S,2,46.58339,-63.61881
"Miminegash, P.E.I.",2020,10,B,9,46.90055556,-64.23888889
"Miscou, N.B.",2020,15,B,14,48.03061,-64.54602
"Nine Mile Creek, P.E.I.",2020,7,B,7,46.10353,-63.22673
"North Cape, P.E.I.",2020,18,B,17,47.08333,-64.00083
"North Tracadie, P.E.I.",2020,12,B,11,46.43422,-63.03378
"Pleasant Bay 2, N.S.",2020,27,S,2,46.84169,-60.80489
"Pleasant Bay 2, N.S.",2020,27,B,26,46.84169,-60.80489
"Pointe Sapin, N.B.",2020,10,B,9,46.97333,-64.74389
"Richibucto, N.B.",2020,12,B,10,46.72506,-64.74103
"Rustico, P.E.I.",2020,11,B,10,46.465,-63.275
"Shediac, N.B.",2020,6,B,5,46.28167,-64.50153
"Shippagan, N.B.",2020,18,B,2,47.88728,-64.76322
"Shippagan, N.B.",2020,18,B,17,47.88728,-64.76322
"Skinners Pond, P.E.I.",2020,7,B,7,46.94236,-64.1868
"St Peters, P.E.I.",2020,6,B,5,46.4525,-62.73944444
Strait Crossing 2,2020,20,B,19,46.15,-63.65028
Strait Crossing 1,2020,15,B,14,46.28342,-63.87103
"Tabusintac, N.B.",2020,6,B,5,47.28944444,-64.92027778
"Victoria, P.E.I.",2020,7,B,6,46.17644,-63.46686
"West Point, P.E.I.",2020,24,B,23,46.66833,-64.50028
"Alberton, P.E.I.",2021,9,B,9,46.7368,-63.971
"Cheticamp, N.S.",2021,18,B,17,46.6131,-61.0658
"Arisaig, N.S.",2021,12,B,12,45.7581,-62.1992
"Aulds Cove, N.S.",2021,20,B,19,45.70361111,-61.4775
"Ballantynes, N.S.",2021,20,B,19,45.8961,-61.9275
"Bayfield, N.S.",2021,20,B,20,45.67055556,-61.78777778
"Murray Harbour, P.E.I.",2021,8,B,8,46.0544,-62.4553
"Cascumpeque, P.E.I.",2021,12,B,11,46.79563,-63.99395
"Covehead 1, P.E.I.",2021,7,B,7,46.4408,-63.15933
"Egmont Bay, P.E.I.",2021,8,B,8,46.4562,-64.13182
"Escuminac, N.B.",2021,11,B,10,47.0709,-64.4706
"Escuminac, N.B.",2021,11,S,2,47.0709,-64.4706
"Fortune 2, P.E.I.",2021,21,B,21,46.30228,-62.30926
"Jack Shoal, N.S.",2021,17,B,16,45.72256,-61.54981
"Anse Bleue, NB",2019,24,B,12,47.85065,-65.07125
"Anse Bleue 1, N.B.",2020,24,B,12,47.85065,-65.07125
"Anse Bleue 1, N.B.",2021,24,B,12,47.85065,-65.07125
"Anse Bleue, NB",2019,24,B,18,47.85065,-65.07125
"Anse Bleue 2, N.B.",2020,24,B,18,47.85065,-65.07125
"Anse Bleue 2, N.B.",2021,24,B,18,47.85065,-65.07125
"Anse Bleue, NB",2019,24,B,24,47.85065,-65.07125
"Anse Bleue 3, N.B.",2020,24,B,24,47.85065,-65.07125
"Anse Bleue 3, N.B.",2021,24,B,24,47.85065,-65.07125
"Malpeque, P.E.I.",2021,17,B,16,46.58339,-63.61881
"Malpeque, P.E.I.",2021,17,S,2,46.58339,-63.61881
"Margaree, N.S.",2021,18,B,17,46.4558,-61.1228
"Miscou, N.B.",2021,15,B,14,48.03061,-64.54602
"Nine Mile Creek, P.E.I.",2021,7,B,7,46.10353,-63.22673
"Pleasant Bay 2, N.S.",2021,27,B,26,46.84169,-60.80489
"Pleasant Bay 2, N.S.",2021,27,S,2,46.84169,-60.80489
"Pointe Sapin, N.B.",2021,10,B,9,46.97333,-64.74389
"Port Hood, N.S.",2021,20,B,19,45.975,-61.54611111
"Prim Reef, P.E.I.",2020,14,B,13,46.0445,-63.11324
"River John, N.S.",2021,20,B,19,45.8686,-63.0914
"Rustico, P.E.I.",2021,11,B,10,46.465,-63.275
"Shediac, N.B.",2021,6,B,5,46.28167,-64.50153
"Shippagan, N.B.",2021,18,B,17,47.88728,-64.76322
"Shippagan, N.B.",2021,18,B,2,47.88728,-64.76322
"Skinners Pond, P.E.I.",2021,7,B,7,46.94236,-64.1868
Strait Crossing 1,2021,15,B,14,46.28342,-63.87103
Strait Crossing 2,2021,20,B,19,46.15,-63.65028
"Tabusintac, N.B.",2021,6,B,5,47.28944444,-64.92027778
"Victoria, P.E.I.",2021,7,B,6,46.17644,-63.46686
"Wallace 1, N.S.",2021,15,B,14,45.8339,-63.2906
"Wallace 2, N.S.",2021,9,B,9,45.87555556,-63.43305556
"West Point, P.E.I.",2021,24,B,23,46.66833,-64.50028
"Prim Reef, P.E.I.",2021,14,B,13,46.0445,-63.11324
"Covehead 2, P.E.I.",2021,13,B,12,46.4484,-63.1385
